"What is the significance of the 2024 Sri Lankan election?", "The 2024 Sri Lankan election is significant as it is the first electoral process in over four years and follows the widespread protests in 2022, which led to major political changes."
"Which candidates are running in the 2024 Sri Lankan election?", "The major candidates are Ranil Wickremesinghe, Sajith Premadasa, and Anura Kumara Dissanayake."
"What is Ranil Wickremesinghe's campaign platform?", "Ranil Wickremesinghe's campaign platform focuses on economic stability and IMF-led reforms, with his manifesto titled 'Puluwan Sri Lanka' advocating for a Theravada Trade Economy."
"What economic indicators does Wickremesinghe highlight in his campaign?", "Wickremesinghe highlights reduced inflation and increased foreign reserves, reaching approximately US$5.4 billion by May 2024."
"What are the criticisms of Wickremesinghe's presidency?", "Criticisms include undemocratic actions, potential executive overreach, and increased poverty and inequality."
"What is Sajith Premadasa's economic policy?", "Sajith Premadasa's economic policy is characterized as 'social democratic,' with promises of state-linked patronage and subsidies."
"What is Premadasa's stance on the IMF deal?", "Premadasa aims to negotiate terms within the existing IMF deal to be more favorable for economically vulnerable sections of society."
"What promises does Premadasa make regarding housing?", "Premadasa promises to provide government-owned land for low-income and middle-class housing schemes."
"How does Anura Kumara Dissanayake's economic policy differ from others?", "Dissanayake's economic policy advocates for a state-directed mixed economy, with a focus on industrialization and domestic manufacturing."
"What is Dissanayake's stance on the 13th Amendment?", "The NPP under Dissanayake supports maintaining the provincial council system but has not fully endorsed the 13th Amendment."
"What is Namal Rajapaksa's position in the election?", "Namal Rajapaksa is the SLPP presidential candidate, and he opposes policies such as privatisation and the full implementation of the 13th Amendment."
"What role do smaller parties play in the election?", "Smaller parties can significantly influence post-election coalitions and the ideological discourse, though they are unlikely to win many votes."
"What is the potential outcome if no candidate secures a majority?", "If no candidate secures a majority, the election could go to a second round where the top two candidates compete."
"How might the election results impact Sri Lanka's foreign policy?", "The election results could impact Sri Lanka's foreign policy direction, with potential shifts towards India, China, or other regional powers based on the winning candidate's preferences."
"Which candidate is expected to lean more towards India and Western powers?", "Wickremesinghe or Premadasa are expected to lean more towards India and Western powers."
"Which candidate is expected to build closer ties with China?", "Anura Kumara Dissanayake's NPP is expected to build closer ties with China."
"What influence do Tamil and Muslim political parties have on the election?", "Tamil and Muslim political parties can influence the vote distribution, with some backing Premadasa and others potentially supporting Wickremesinghe."
"What is the current status of the SLFP?", "The SLFP is fragmented, with different factions supporting various candidates, but it retains the ability to mobilize some votes."
"What are the main promises of the Sarvajana Balaya party?", "The Sarvajana Balaya party adopts an economic nationalist stance and opposes power sharing."
"What does the People’s Struggle Alliance advocate for?", "The People’s Struggle Alliance supports left-leaning economic policies, an alternative to the IMF programme, and substantial power sharing."
"What is the expected impact of the election on Sri Lanka’s political stability?", "The election's outcome could influence political stability, potentially leading to post-election coalitions and challenges in governance."
"What are some of the key issues highlighted in the 2024 election campaigns?", "Key issues include economic recovery, poverty alleviation, corruption, power-sharing, and foreign policy direction."
"What was the Aragalaya?", "The Aragalaya was a series of widespread protests in 2022 driven by dissatisfaction with economic mismanagement under the Gotabaya Rajapaksa government."
"What has been the impact of IMF-led reforms on Sri Lanka’s economy?", "IMF-led reforms have led to a reduction in inflation and an increase in foreign reserves, but poverty and inequality have worsened."
"What are Wickremesinghe's notable achievements according to his campaign?", "Wickremesinghe's campaign highlights achievements such as reducing inflation and increasing foreign reserves."
"How does Premadasa's campaign aim to address economic challenges?", "Premadasa's campaign aims to address economic challenges through social democratic policies and state-linked patronage."
"What are the main criticisms faced by Premadasa’s campaign?", "Criticisms include the potential for increased state-linked patronage and questions about the effectiveness of proposed subsidies."
"What are the economic policies of the NPP under Dissanayake?", "The NPP advocates for a state-directed mixed economy, focusing on industrialization and domestic manufacturing."
"How has Dissanayake's stance on the 13th Amendment evolved?", "Dissanayake's stance has evolved to support maintaining the provincial council system without fully endorsing the 13th Amendment."
"What are the expected results of the election on the SLPP?", "The SLPP is expected to retain a smaller section of its voter base, with Namal Rajapaksa positioning himself for future elections."
"What are the key issues for smaller parties like Sarvajana Balaya and People’s Struggle Alliance?", "Key issues include opposition to deep economic ties with India and advocating for alternative economic strategies."
"What is the significance of alliances with smaller parties?", "Alliances with smaller parties can influence electoral outcomes and shape post-election coalitions."
"What is the potential for a second-round vote in the election?", "If no candidate secures a majority, the election may go to a second round between the top two candidates."
"What role do the Tamil and Muslim communities play in the election?", "These communities play a significant role in influencing the vote distribution and supporting various candidates."
"What are the implications of the election for Sri Lanka's relationship with India?", "The election outcome could affect Sri Lanka's relationship with India, depending on which candidate wins and their foreign policy stance."
"How might a Premadasa presidency affect economic policies?", "A Premadasa presidency might lead to more pro-poor economic policies and negotiations for better terms within the IMF deal."
"What are the key features of Wickremesinghe's economic recovery plan?", "Wickremesinghe's plan includes aligning with IMF-led reforms, focusing on macroeconomic stability, and increasing foreign reserves."
"How does the NPP's economic policy compare to the current government's?", "The NPP's policy is more state-directed and focuses on industrialization, contrasting with the current government's IMF-aligned approach."
"What is the expected impact of the election on Sri Lanka’s domestic politics?", "The election is expected to impact domestic politics through potential shifts in governance and coalition dynamics."
"What are the concerns about Wickremesinghe's democratic practices?", "Concerns include undemocratic actions, potential executive overreach, and criticisms of certain laws."
"What are the main promises of the People’s Struggle Alliance?", "The People’s Struggle Alliance promises an economic alternative to the IMF programme and substantial power-sharing reforms."
"What role do the Ilankai Tamil Arasu Kachchi (ITAK) and Muslim Congress play in the election?", "ITAK and Muslim Congress are backing Premadasa, which could influence the Tamil and Muslim vote."
"What are the potential challenges for the winning candidate?", "Challenges include forming stable post-election coalitions and addressing ongoing economic and social issues."
"What is the anticipated voter turnout for the election?", "The anticipated voter turnout will depend on the level of public engagement and interest in the election."
"What are the implications of the election for Sri Lanka's economic future?", "The election will have significant implications for Sri Lanka's economic policies and recovery efforts."
"What are the expected effects of post-election coalitions?", "Post-election coalitions could impact governance, policy implementation, and political stability."
"What is the expected role of smaller parties in shaping post-election discourse?", "Smaller parties could influence post-election discourse by providing alternative viewpoints and policies."
"What are the key policy differences between the main candidates?", "Key policy differences include economic strategies, foreign policy orientation, and approaches to power-sharing."
"What are the implications of potential second-round voting?", "Second-round voting could lead to further political negotiations and coalition-building among candidates."
"What is the significance of economic stability in the election campaigns?", "Economic stability is a key issue, with candidates proposing different strategies to address economic challenges and recovery."
"What are the expected foreign policy directions of the main candidates?", "Wickremesinghe and Premadasa are expected to lean towards India and Western powers, while Dissanayake may build closer ties with China."
"What are the major economic concerns highlighted by Premadasa?", "Premadasa highlights issues such as housing challenges and the need for more favorable IMF terms for vulnerable groups."
"What are the main criticisms of the NPP’s approach to economic policy?", "Criticisms include a lack of clarity on the 13th Amendment and the potential for nationalist tendencies to resurface."
"What is the current status of the SLFP's support in the election?", "The SLFP is divided, with different factions supporting various candidates and affecting their overall impact."
"What are the potential impacts of the election on Sri Lanka’s social fabric?", "The election could impact Sri Lanka’s social fabric through policy changes, reconciliation efforts, and addressing community needs."
"What is the expected role of international observers in the election?", "International observers are expected to monitor the election process, ensure transparency, and provide reports on electoral integrity."
"What are the implications of a potential coalition government?", "A coalition government could lead to compromises on policy, coalition dynamics, and potential challenges in governance."
"What are the key factors influencing voter behavior in the election?", "Key factors include economic conditions, candidate policies, and public perception of political stability."
"What is the significance of the 2024 election for Sri Lankan democracy?", "The 2024 election is significant for Sri Lankan democracy as it represents a crucial moment for political and economic recovery."
"What are the main electoral challenges faced by the candidates?", "Candidates face challenges such as mobilizing support, addressing voter concerns, and managing campaign resources."
"What are the expected policy shifts following the election?", "Policy shifts may include changes in economic strategy, foreign policy, and domestic governance depending on the winning candidate."
"What is the impact of past protests on the current election?", "Past protests have influenced voter sentiment and the political landscape, contributing to the current election dynamics."
"What are the economic priorities of the current government?", "The current government's economic priorities include stabilizing inflation, managing foreign reserves, and implementing IMF reforms."
"What are the key promises made by Namal Rajapaksa?", "Namal Rajapaksa promises to continue the SLPP's policies and address issues such as privatisation and the 13th Amendment."
"What are the main factors driving the election campaign for the major candidates?", "Main factors include economic recovery, addressing social issues, and shaping foreign policy."
"What is the role of the IMF in the election context?", "The IMF plays a role through its economic reforms, which influence candidates' policies and campaign platforms."
"What are the potential benefits of the election for Sri Lanka’s international relations?", "The election could lead to strengthened international relations depending on the winning candidate's foreign policy stance."
"What are the key issues for voters in the 2024 election?", "Key issues include economic stability, poverty alleviation, corruption, and governance reforms."
"What is the significance of the election results for future Sri Lankan administrations?", "The election results will shape the direction of future administrations and their approach to governance and policy-making."
"What are the expected outcomes for each major candidate?", "Expected outcomes include potential shifts in policy, governance challenges, and coalition-building efforts."
"What role does public opinion play in the election?", "Public opinion plays a significant role in shaping campaign strategies, candidate platforms, and overall election dynamics."
"What are the potential effects of the election on Sri Lankan businesses?", "The election could impact business confidence, investment opportunities, and economic policies affecting the business environment."
"What are the potential impacts of the election on Sri Lankan foreign investments?", "The election may influence foreign investment based on the winning candidate's policies and approach to international relations."
"What are the key policy proposals of Premadasa's campaign?", "Premadasa's key proposals include housing schemes, state-linked patronage, and negotiations within the IMF framework."
"What are the main criticisms of Wickremesinghe's economic policies?", "Criticisms include the impact of IMF reforms on poverty, potential executive overreach, and undemocratic practices."
"What are the expected impacts of Dissanayake’s policies on Sri Lankan industry?", "Dissanayake's policies may lead to increased focus on domestic manufacturing and industrialization efforts."
"What are the primary concerns of voters regarding the election?", "Primary concerns include economic recovery, governance quality, and candidate credibility."
"What are the expected challenges for the election winners in implementing their policies?", "Challenges include managing coalition politics, addressing economic issues, and maintaining public support."
"What role does media coverage play in the election?", "Media coverage influences public perception, campaign dynamics, and voter behavior through reporting on candidates and issues."
"What are the implications of the election for Sri Lankan social programs?", "The election results could affect social programs through policy changes, funding allocations, and program priorities."
"What are the key issues for Tamil and Muslim voters in the election?", "Key issues include representation, economic opportunities, and addressing community-specific concerns."
"What is the expected impact of the election on Sri Lanka’s educational policies?", "The election could lead to changes in educational policies depending on the priorities of the winning candidate."
"What are the key promises made by the Sarvajana Balaya party?", "Key promises include opposing privatisation and advocating for economic nationalism."
"What are the main features of the People’s Struggle Alliance's policy platform?", "Main features include an alternative to the IMF programme and advocating for substantial power-sharing reforms."
"What is the significance of coalition-building in the election?", "Coalition-building is significant for forming a stable government and influencing policy outcomes post-election."
"What are the potential effects of the election on Sri Lankan civil society?", "The election may impact civil society through changes in governance, policy implementation, and social programs."
"What are the key factors influencing voter turnout in the 2024 election?", "Key factors include public engagement, candidate appeal, and the overall political climate."
"What is the expected role of international organizations in monitoring the election?", "International organizations are expected to monitor electoral processes, ensure transparency, and provide assessments of election integrity."
"What are the expected economic impacts of the election results?", "Economic impacts may include changes in investment climate, policy direction, and economic recovery efforts."
"What are the key policy areas that the winning candidate will need to address?", "Key policy areas include economic recovery, governance reforms, foreign relations, and social issues."
"What are the main challenges for the election administration?", "Challenges include ensuring electoral integrity, managing logistics, and addressing potential disputes."
"What is the expected impact of the election on Sri Lankan healthcare policies?", "The election could lead to changes in healthcare policies depending on the priorities of the winning candidate."
"What are the key economic promises of the major candidates?", "Key economic promises include economic recovery strategies, social welfare programs, and foreign investment policies."
"What are the potential implications of the election on Sri Lankan infrastructure projects?", "The election may impact infrastructure projects through changes in policy priorities and funding allocations."
"What are the main differences in foreign policy approaches between the candidates?", "Main differences include orientation towards India, China, and Western powers, with varying implications for international relations."
"What are the key electoral issues for Sri Lankan youth?", "Key issues for Sri Lankan youth include employment opportunities, education, and political representation."
"What are the expected challenges for the new administration in addressing economic recovery?", "Challenges include managing inflation, implementing reforms, and addressing socio-economic disparities."
"What is the potential for post-election instability?", "Potential instability may arise from coalition negotiations, policy disagreements, and public reaction to election outcomes."
"What role do campaign finance and resources play in the election?", "Campaign finance and resources play a crucial role in shaping campaign strategies, outreach efforts, and voter engagement."
"What are the key factors that will determine the success of the candidates' campaigns?", "Key factors include public perception, campaign effectiveness, and addressing voter concerns."
"What are the implications of the election for Sri Lanka’s labor market?", "The election could impact labor market policies through changes in employment strategies, labor rights, and economic policies."
"What are the expected policy changes related to Sri Lankan agriculture following the election?", "Policy changes could include adjustments to agricultural subsidies, land use policies, and support for farmers."
"What are the key concerns of international investors regarding the election?", "Key concerns include political stability, economic policies, and potential changes in investment climate."
"What are the main strategies for managing post-election coalitions?", "Strategies include negotiation, compromise, and forming alliances to ensure a stable government."
"What is the expected role of civil society organizations in the post-election period?", "Civil society organizations are expected to play a role in advocating for transparency, monitoring governance, and addressing community concerns."
"What are the key electoral issues for Sri Lankan women?", "Key issues include gender equality, economic opportunities, and representation in politics."
"What is the expected impact of the election on Sri Lanka’s environmental policies?", "The election may influence environmental policies through changes in regulatory approaches and sustainability priorities."
"What are the potential effects of the election on Sri Lankan tourism?", "Potential effects include changes in tourism policies, investment in infrastructure, and promotion strategies."
"What are the key promises of the candidates regarding infrastructure development?", "Key promises include investment in transportation, urban development, and rural infrastructure projects."
"What are the implications of the election for Sri Lankan trade policies?", "The election could impact trade policies through changes in trade agreements, tariffs, and economic priorities."
"What are the key issues for Sri Lankan farmers in the election?", "Key issues include agricultural support, land policies, and access to resources."
"What are the expected impacts of the election on Sri Lankan energy policies?", "The election may lead to changes in energy policies, including renewable energy initiatives and infrastructure development."
"What are the main criticisms of the candidates' approaches to social welfare?", "Criticisms include the effectiveness of proposed programs, funding sources, and long-term impact on vulnerable populations."
"What is the significance of voter engagement in the election?", "Voter engagement is significant for ensuring representative outcomes and shaping the overall electoral process."
"What are the expected policy shifts in Sri Lankan education following the election?", "Policy shifts may include changes in funding, curriculum reforms, and access to educational resources."
"What are the key concerns of small businesses in the election?", "Key concerns include economic policies, regulatory changes, and support for entrepreneurship."
"What are the potential effects of the election on Sri Lankan public transportation?", "The election could impact public transportation policies, investment in infrastructure, and service improvements."
"What are the key issues for the Sri Lankan diaspora in the election?", "Key issues include foreign policy, diaspora engagement, and support for community initiatives."
"What is the expected role of technology in the election campaigns?", "Technology plays a role in campaigning through digital outreach, social media engagement, and data analytics."
"What are the main policy differences between the candidates regarding healthcare?", "Policy differences include approaches to healthcare funding, access to services, and public health initiatives."
"What are the implications of the election for Sri Lankan water resources management?", "The election may impact water resources management through policy changes, investment in infrastructure, and conservation efforts."
"What are the key electoral issues for Sri Lankan senior citizens?", "Key issues include retirement benefits, healthcare access, and support services for the elderly."
"What are the expected challenges for the new administration in addressing climate change?", "Challenges include implementing climate policies, managing environmental impacts, and addressing public concerns."
"What is the potential impact of the election on Sri Lankan housing policies?", "The election may lead to changes in housing policies, including affordability, land use, and development priorities."
"What are the main promises related to economic growth made by the candidates?", "Main promises include strategies for economic development, investment in key sectors, and job creation."
"What are the key electoral concerns for Sri Lankan students?", "Key concerns include education quality, affordability, and opportunities for higher education."
"What is the significance of the election results for Sri Lankan healthcare reform?", "The election results will influence healthcare reform priorities, funding, and policy implementation."
"What are the expected impacts of the election on Sri Lankan public safety?", "The election may impact public safety policies through changes in law enforcement strategies and crime prevention efforts."
"What are the main policy proposals related to digital infrastructure in the election?", "Policy proposals include investment in digital infrastructure, technology access, and cybersecurity measures."
"What are the implications of the election for Sri Lankan housing market?", "The election may influence the housing market through changes in policy, investment in housing development, and affordability initiatives."
"What are the key electoral issues for Sri Lankan entrepreneurs?", "Key issues include support for small businesses, access to funding, and regulatory environment."
"What is the role of international aid in the election context?", "International aid plays a role in supporting economic development, humanitarian efforts, and policy reforms."
"What are the expected policy changes related to Sri Lankan food security?", "Policy changes may include support for agriculture, food distribution systems, and nutrition programs."
"What are the main promises regarding public sector reform in the election?", "Main promises include improving efficiency, reducing corruption, and enhancing public sector services."
"What is the expected impact of the election on Sri Lankan sports policies?", "The election may impact sports policies through changes in funding, development programs, and promotion of sports activities."
"What are the key issues for Sri Lankan cultural preservation in the election?", "Key issues include support for cultural heritage, funding for preservation projects, and promotion of cultural activities."
"What are the expected changes in Sri Lankan urban development policies?", "Expected changes include investment in infrastructure, urban planning, and development priorities."
"What are the main policy proposals related to Sri Lankan rural development?", "Policy proposals include investment in rural infrastructure, support for agriculture, and improving access to services."
"What is the significance of the election for Sri Lankan national security?", "The election will influence national security policies, including defense strategies and public safety measures."
